"","Value","Std. Error","t value"
"(Intercept)",-1.53472530275293,0.413023232150391,-3.71583287158553
"prcp",27.2110995105236,0.529986740801067,51.3429816553419
"snow",21.8544150239151,0.34264425285911,63.7816477047443
"tmax",-0.0739276540537384,0.017095127182965,-4.32448692908268
"tmin",0.264382982615151,0.019334325069056,13.6742804142818
