"","Value","Std. Error","t value","Pr(>|t|)"
"(Intercept)",-26.4734448277589,0.225080822957497,-117.617505036216,0
"prcp",13.8320397995803,0.309645863429959,44.6705137487137,0
"snow",17.8321074990843,0.380521666808178,46.8622658169779,0
"awnd",0.202024601036855,0.0123743411841609,16.3260894483373,0
"tmax",0.0930232558589039,0.00196858222639508,47.2539346396774,0
"distance",0.000594131881548053,8.51915018623999e-05,6.97407450930595,3.08508774082838e-12
"crs_dep_time_base10",0.846924166525698,0.00878197051006136,96.4389672631434,0
