"","Value","Std. Error","t value","Pr(>|t|)"
"(Intercept)",-26.3001667920519,0.224275744870088,-117.267102634243,0
"prcp",13.4171295159307,0.311741070673317,43.0393386631782,0
"snow",17.5774760686081,0.387066822100315,45.4119936532627,0
"awnd",0.195098619085818,0.0122430389932435,15.9354731446568,0
"tmax",0.0925760284602011,0.00196217851090713,47.1802274592247,0
"distance",0.000598602597905971,8.47118463461974e-05,7.06633869671099,1.5940582187568e-12
"crs_dep_time_base10",0.835564001524612,0.00872167312056273,95.803177896525,0
