"","Value","Std. Error","t value","Pr(>|t|)"
"(Intercept)",-12.2040816326531,0.128285286954259,-95.1323563473377,0
"prcp",13.8645934564302,0.333095589078198,41.6234675901857,0
"snow",17.9787317225741,0.42404779839523,42.3978895554061,0
"tmax",0.0816326530612245,0.00194006764295036,42.0772200174844,0
