"","Value","Std. Error","t value"
"(Intercept)",-22.3108593995106,0.205057631792166,-108.802872658373
"prcp",8.65528543251271,0.15791394483617,54.8101400512302
"snow",12.3724187074204,0.10440079546129,118.508854772164
"awnd",0.158788368141787,0.0104760436240336,15.1572839747921
"tmax",0.082244390956891,0.00178936657510631,45.9628519393823
"distance",-0.000340965919215519,6.69933743739441e-05,-5.08954687537178
"crs_dep_time_base10",0.690841978973439,0.00736758285617456,93.7677922949268
