"","Value","Std. Error","t value"
"(Intercept)",-32.678235093115,0.669471537866894,-48.8119856405488
"prcp",28.044219280318,0.515556970867823,54.3959656546044
"snow",21.4289200803872,0.340847402172461,62.8695420408241
"awnd",0.60436291919302,0.0342021556303294,17.6703166234671
"tmax",0.165859495229816,0.00584191859807583,28.3912711971792
"distance",-0.00112795098547746,0.000218719766618949,-5.15706011813083
"crs_dep_time_base10",1.68434626966163,0.0240536622898489,70.0245247216453
