"","Value","Std. Error","t value"
"(Intercept)",-22.256873465195,0.204927209908971,-108.608678540451
"prcp",8.5975072083814,0.157813507540136,54.4789057818441
"snow",12.2841946019303,0.10433439389295,117.738687537058
"awnd",0.157981931635868,0.0104693805931289,15.0899024283779
"tmax",0.0818009637188715,0.00178822849233216,45.7441339681312
"distance",-0.000344989032388892,6.69507648793787e-05,-5.15287664017638
"crs_dep_time_base10",0.686789692869343,0.00736289688559009,93.2771032300422
