"","Value","Std. Error","t value","Pr(>|t|)"
"(Intercept)",-26.8807897225685,0.229852533139752,-116.947981192031,0
"prcp",13.7861789263941,0.314236207454913,43.8720255633563,0
"snow",17.7765942260993,0.375727697250894,47.3124402490586,0
"tmax",0.0932148033342098,0.00195994484988027,47.5599113617428,0
"distance",0.000599870101165054,8.39942307578628e-05,7.14180123744868,9.2326146727828e-13
"dow_mod",0.146846638903573,0.0190544762210977,7.70667412736227,1.28785870856518e-14
"crs_dep_time_base10",0.8450446243819,0.00872193592646336,96.8872772635186,0
"awnd",0.201118058026779,0.012270383060653,16.3905280733815,0
