"","Value","Std. Error","t value"
"(Intercept)",-22.2831028621333,0.204795466110693,-108.806621969302
"prcp",8.62328163548328,0.157966358086992,54.5893552267276
"snow",12.3297330305932,0.104620121733583,117.852405696785
"awnd",0.158120326699038,0.0104582175905754,15.1192423880654
"tmax",0.0819663986245012,0.0017881913954795,45.8375981629874
"distance",-0.000341528773155445,6.68580634645293e-05,-5.1082660109747
"crs_dep_time_base10",0.688259355310819,0.00735848736834169,93.5327222646202
