"","Value","Std. Error","t value","Pr(>|t|)"
"(Intercept)",-8.50928695295937,0.8747993383541,-9.72713007415992,0
"distance",-0.00244153418611911,0.000293664210408609,-8.31403385084593,0
"dep_hr",0.660764374135281,0.031521762685698,20.9621644805759,0
"awnd",-0.175432629158288,0.0614275947862926,-2.8559254154199,0.00429457695853985
"prcp",17.415753389595,1.23994943130992,14.0455352047677,0
"snow",16.1150388810456,0.939731801160489,17.1485511729462,0
"tmax",-0.116817748840941,0.0378903578097039,-3.08304686452508,0.00205108554779576
"tmin",0.0121826284448784,0.0330702000018553,0.368386899510586,0.712587780177536
