"","Value","Std. Error","t value"
"(Intercept)",-9.78906412257465,0.126811348880985,-77.1939121297568
"prcp",7.40672953190094,0.162722888831464,45.517441246832
"snow",12.3383290268093,0.105202750133821,117.281430486509
"tmax",-0.0716479456943477,0.00524875108375119,-13.6504750465595
"tmin",0.171308492188475,0.00593625648839451,28.8580004121093
