"","Value","Std. Error","t value"
"(Intercept)",-7.63291533969123,0.774364087651043,-9.85701101253924
"distance",-0.00302133877021242,0.000238689322608369,-12.6580390659942
"dep_hr",0.569231281916898,0.0261239254116475,21.7896534669748
"awnd",-0.0932096694098241,0.0530172626014166,-1.75810037780664
"prcp",12.9864548202177,1.00273048304196,12.9510920829105
"snow",12.773057037144,0.391895398635885,32.5930263065212
"tmax",-0.0895508978343587,0.0340386468643209,-2.63085951070004
"tmin",-0.00801297013388018,0.0295486567552355,-0.27117882888062
