"","Value","Std. Error","t value"
"(Intercept)",-9.80589665734814,0.126770102908656,-77.3518079764734
"prcp",7.35225718063726,0.162669962466204,45.1973865928982
"snow",12.2500378102725,0.105168532457255,116.480067982801
"tmax",-0.0715128150593283,0.00524704390340913,-13.6291627010906
"tmin",0.170640423249047,0.00593432569376914,28.7548126029237
