"","Value","Std. Error","t value","Pr(>|t|)"
"(Intercept)",-10.7977925523204,0.142177119506296,-75.9460635425396,0
"prcp",12.5110536141224,0.343584122267732,36.4133637245711,0
"snow",17.9022696754331,0.429525529045593,41.6791749612928,0
"tmax",-0.0663216847345495,0.00622613053191213,-10.6521513473925,0
"tmin",0.175416762191727,0.0069874589497662,25.1045141664262,0
