"","Value","Std. Error","t value"
"(Intercept)",-8.57217081118679,0.145770568948013,-58.8059089914366
"prcp",13.0909839340694,0.187051145620166,69.9861200564494
"snow",17.6462670501109,0.120931327339602,145.919733441412
"tmax",-0.0713890183397279,0.00603347759089754,-11.8321510711218
"tmin",0.201823758223774,0.00682377005978176,29.5765766512697
