"","Value","Std. Error","t value"
"(Intercept)",-25.924344746027,0.236199325731338,-109.756218252352
"prcp",14.4407138488427,0.181896020976597,79.3899381158025
"snow",17.5165735758685,0.120255936237308,145.66078086409
"awnd",0.250988385231397,0.0120670194944842,20.799534246723
"tmax",0.110264378212928,0.00206111411134736,53.4974641170389
"distance",-0.000317853502866513,7.71675246480499e-05,-4.11900607562828
"crs_dep_time_base10",0.950935816568582,0.00848648298377881,112.052992787026
