"","Value","Std. Error","t value"
"(Intercept)",-29.5947129601821,0.451180497484123,-65.5939543601916
"prcp",23.5866843721224,0.348012294319649,67.775434250774
"snow",19.8947944993092,0.230486345557544,86.3165861352175
"awnd",0.457768210661504,0.0230402747918384,19.8681749587319
"tmax",0.159085796954126,0.00393952609758065,40.381962960424
"distance",-0.000814291544895093,0.000147293565173201,-5.5283579017018
"crs_dep_time_base10",1.41187168264375,0.016211325644214,87.0916859996371
